<metadata xml:lang="pt"><Esri><CreaDate>20210118</CreaDate><CreaTime>14383300</CreaTime><ArcGISFormat>1.0</ArcGISFormat><SyncOnce>FALSE</SyncOnce><DataProperties><itemProps><itemName Sync="TRUE">ArqAcores_GOriental_AAd_CAOP2021</itemName><imsContentType Sync="TRUE">002</imsContentType><itemLocation><linkage Sync="TRUE">file://\\LAPTOP-DGVTU43E\D$\DGT\Work\CAOP\CAOP2021\Shapes\Grupo_Oriental\ArqAcores_GOriental_AAd_CAOP2021.shp</linkage><protocol Sync="TRUE">Local Area Network</protocol></itemLocation><itemSize Sync="TRUE">0.000</itemSize></itemProps><coordRef><type Sync="TRUE">Projected</type><geogcsn Sync="TRUE">GCS_PTRA08</geogcsn><csUnits Sync="TRUE">Linear Unit: Meter (1.000000)</csUnits><projcsn Sync="TRUE">PTRA08_UTM_Zone_26N</projcsn><peXml Sync="TRUE">&lt;ProjectedCoordinateSystem xsi:type='typens:ProjectedCoordinateSystem' xmlns:xsi='http://www.w3.org/2001/XMLSchema-instance' xmlns:xs='http://www.w3.org/2001/XMLSchema' xmlns:typens='http://www.esri.com/schemas/ArcGIS/10.8'&gt;&lt;WKT&gt;PROJCS[&amp;quot;PTRA08_UTM_Zone_26N&amp;quot;,GEOGCS[&amp;quot;GCS_PTRA08&amp;quot;,DATUM[&amp;quot;D_PTRA08&amp;quot;,SPHEROID[&amp;quot;GRS_1980&amp;quot;,6378137.0,298.257222101]],PRIMEM[&amp;quot;Greenwich&amp;quot;,0.0],UNIT[&amp;quot;Degree&amp;quot;,0.0174532925199433]],PROJECTION[&amp;quot;Transverse_Mercator&amp;quot;],PARAMETER[&amp;quot;False_Easting&amp;quot;,500000.0],PARAMETER[&amp;quot;False_Northing&amp;quot;,0.0],PARAMETER[&amp;quot;Central_Meridian&amp;quot;,-27.0],PARAMETER[&amp;quot;Scale_Factor&amp;quot;,0.9996],PARAMETER[&amp;quot;Latitude_Of_Origin&amp;quot;,0.0],UNIT[&amp;quot;Meter&amp;quot;,1.0],AUTHORITY[&amp;quot;EPSG&amp;quot;,5015]]&lt;/WKT&gt;&lt;XOrigin&gt;-5120900&lt;/XOrigin&gt;&lt;YOrigin&gt;-9998100&lt;/YOrigin&gt;&lt;XYScale&gt;450445547.3910538&lt;/XYScale&gt;&lt;ZOrigin&gt;-100000&lt;/ZOrigin&gt;&lt;ZScale&gt;10000&lt;/ZScale&gt;&lt;MOrigin&gt;-100000&lt;/MOrigin&gt;&lt;MScale&gt;10000&lt;/MScale&gt;&lt;XYTolerance&gt;0.001&lt;/XYTolerance&gt;&lt;ZTolerance&gt;0.001&lt;/ZTolerance&gt;&lt;MTolerance&gt;0.001&lt;/MTolerance&gt;&lt;HighPrecision&gt;true&lt;/HighPrecision&gt;&lt;WKID&gt;102332&lt;/WKID&gt;&lt;LatestWKID&gt;5015&lt;/LatestWKID&gt;&lt;/ProjectedCoordinateSystem&gt;</peXml></coordRef><lineage><Process ToolSource="c:\program files (x86)\arcgis\desktop10.5\ArcToolbox\Toolboxes\Data Management Tools.tbx\DeleteField" Date="20210118" Time="160541">DeleteField D:\DGT\Work\VALIDACOES\CAOP_2020\ACORES\ArqAcores_CAOP2020.gdb\GOriental\ArqAcores_GOriental_AAd_CAOP2020 DICOFRE;Freguesia;Concelho;Distrito_Ilha;TAA;Area_T_ha</Process><Process ToolSource="c:\program files (x86)\arcgis\desktop10.5\ArcToolbox\Toolboxes\Data Management Tools.tbx\AddField" Date="20210118" Time="160843">AddField D:\DGT\Work\VALIDACOES\CAOP_2020\ACORES\ArqAcores_CAOP2020.gdb\GOriental\ArqAcores_GOriental_AAd_CAOP2020 DICOFRE TEXT 6 # # # NULLABLE NON_REQUIRED #</Process><Process ToolSource="c:\program files (x86)\arcgis\desktop10.5\ArcToolbox\Toolboxes\Data Management Tools.tbx\AlterField" Date="20210118" Time="161109">AlterField D:\DGT\Work\VALIDACOES\CAOP_2020\ACORES\ArqAcores_CAOP2020.gdb\GOriental\ArqAcores_GOriental_AAd_CAOP2020 Perimetro_m Perim_m # DOUBLE 8 NULLABLE false</Process><Process ToolSource="c:\program files (x86)\arcgis\desktop10.5\ArcToolbox\Toolboxes\Data Management Tools.tbx\CalculateField" Date="20210118" Time="161801">CalculateField ArqAcores_GOriental_AAd_CAOP2020 DICOFRE [Dicofre_1] VB #</Process><Process ToolSource="c:\program files (x86)\arcgis\desktop10.5\ArcToolbox\Toolboxes\Data Management Tools.tbx\CalculateField" Date="20210118" Time="161807">CalculateField ArqAcores_GOriental_AAd_CAOP2020 Freguesia [Freguesia_1] VB #</Process><Process ToolSource="c:\program files (x86)\arcgis\desktop10.5\ArcToolbox\Toolboxes\Data Management Tools.tbx\CalculateField" Date="20210118" Time="161814">CalculateField ArqAcores_GOriental_AAd_CAOP2020 Concelho [CONCELHO_1] VB #</Process><Process ToolSource="c:\program files (x86)\arcgis\desktop10.5\ArcToolbox\Toolboxes\Data Management Tools.tbx\CalculateField" Date="20210118" Time="161820">CalculateField ArqAcores_GOriental_AAd_CAOP2020 Distrito_Ilha [Ilha_1] VB #</Process><Process ToolSource="c:\program files (x86)\arcgis\desktop10.5\ArcToolbox\Toolboxes\Data Management Tools.tbx\CalculateField" Date="20210118" Time="161826">CalculateField ArqAcores_GOriental_AAd_CAOP2020 TAA [TAA_1] VB #</Process><Process ToolSource="c:\program files (x86)\arcgis\desktop10.5\ArcToolbox\Toolboxes\Data Management Tools.tbx\CalculateField" Date="20210118" Time="161833">CalculateField ArqAcores_GOriental_AAd_CAOP2020 Area_T_ha [AREA_T_HA_1] VB #</Process><Process ToolSource="c:\program files (x86)\arcgis\desktop10.5\ArcToolbox\Toolboxes\Data Management Tools.tbx\CalculateField" Date="20210118" Time="161839">CalculateField ArqAcores_GOriental_AAd_CAOP2020 Area_EA_ha [AREA_EA_HA_1] VB #</Process><Process ToolSource="c:\program files (x86)\arcgis\desktop10.5\ArcToolbox\Toolboxes\Data Management Tools.tbx\DeleteField" Date="20210118" Time="162027">DeleteField D:\DGT\Work\VALIDACOES\CAOP_2020\ACORES\ArqAcores_CAOP2020.gdb\GOriental\ArqAcores_GOriental_AAd_CAOP2020 Dicofre_1;Freguesia_1;CONCELHO_1;Ilha_1;TAA_1;AREA_EA_HA_1;AREA_T_HA_1</Process><Process ToolSource="c:\program files (x86)\arcgis\desktop10.5\ArcToolbox\Toolboxes\Data Management Tools.tbx\AlterField" Date="20210118" Time="174003">AlterField D:\DGT\Work\VALIDACOES\CAOP_2020\ACORES\ArqAcores_CAOP2020.gdb\GOriental\ArqAcores_GOriental_AAd_CAOP2020 DICOFRE DICOFRE_1 # TEXT 255 NULLABLE false</Process><Process ToolSource="c:\program files (x86)\arcgis\desktop10.5\ArcToolbox\Toolboxes\Data Management Tools.tbx\DeleteField" Date="20210119" Time="092201">DeleteField D:\DGT\Work\VALIDACOES\CAOP_2020\ACORES_FINAL\GOriental\ArqAcores_GOriental_AAd_CAOP2020.shp Shape_Leng;Shape_Area</Process><Process ToolSource="c:\program files (x86)\arcgis\desktop10.5\ArcToolbox\Toolboxes\Data Management Tools.tbx\AddField" Date="20210119" Time="164347">AddField D:\DGT\Work\VALIDACOES\CAOP_2020\ACORES_FINAL\GOriental\ArqAcores_GOriental_AAd_CAOP2020.shp DICOFRE TEXT # # 6 # NULLABLE NON_REQUIRED #</Process><Process ToolSource="c:\program files (x86)\arcgis\desktop10.5\ArcToolbox\Toolboxes\Data Management Tools.tbx\CalculateField" Date="20210119" Time="164514">CalculateField D:\DGT\Work\VALIDACOES\CAOP_2020\ACORES_FINAL\GOriental\ArqAcores_GOriental_AAd_CAOP2020.shp DICOFRE [DICOFRE_1] VB #</Process><Process ToolSource="c:\program files (x86)\arcgis\desktop10.5\ArcToolbox\Toolboxes\Data Management Tools.tbx\DeleteField" Date="20210119" Time="164710">DeleteField ArqAcores_GOriental_AAd_CAOP2020 DICOFRE_1;Freguesia_;Concelho_1;Distrito_I;TAA_1</Process><Process ToolSource="c:\program files (x86)\arcgis\desktop10.5\ArcToolbox\Toolboxes\Data Management Tools.tbx\CalculateField" Date="20210119" Time="164733">CalculateField ArqAcores_GOriental_AAd_CAOP2020 Area_T_ha [Area_T_ha_] VB #</Process><Process ToolSource="c:\program files (x86)\arcgis\desktop10.5\ArcToolbox\Toolboxes\Data Management Tools.tbx\CalculateField" Date="20210119" Time="164752">CalculateField ArqAcores_GOriental_AAd_CAOP2020 temp [Area_EA_ha] VB #</Process><Process ToolSource="c:\program files (x86)\arcgis\desktop10.5\ArcToolbox\Toolboxes\Data Management Tools.tbx\CalculateField" Date="20210119" Time="164826">CalculateField ArqAcores_GOriental_AAd_CAOP2020 Area_EA_ha [temp] VB #</Process><Process ToolSource="c:\program files (x86)\arcgis\desktop10.5\ArcToolbox\Toolboxes\Data Management Tools.tbx\CalculateField" Date="20210121" Time="102940">CalculateField ArqAcores_GOriental_AAd_CAOP2020 Area_T_ha [Area_T] VB #</Process><Process ToolSource="c:\program files (x86)\arcgis\desktop10.5\ArcToolbox\Toolboxes\Data Management Tools.tbx\CalculateField" Date="20210121" Time="102947">CalculateField ArqAcores_GOriental_AAd_CAOP2020 Area_EA_ha [Area_EA] VB #</Process><Process ToolSource="c:\program files (x86)\arcgis\desktop10.8\ArcToolbox\Toolboxes\Data Management Tools.tbx\CalculateField" Date="20211119" Time="111953">CalculateField ArqAcores_GOriental_AAd_CAOP2021 temp "[Shape_Area] /10000" VB #</Process></lineage></DataProperties><SyncDate>20220105</SyncDate><SyncTime>16410400</SyncTime><ModDate>20220105</ModDate><ModTime>16410400</ModTime></Esri><dataIdInfo><envirDesc Sync="TRUE"> Version 6.2 (Build 9200) ; Esri ArcGIS 10.8.1.14362</envirDesc><dataLang><languageCode value="por" Sync="TRUE"></languageCode><countryCode value="PRT" Sync="TRUE"></countryCode></dataLang><idCitation><resTitle Sync="TRUE">ArqAcores_GOriental_AAd_CAOP2021</resTitle><presForm><PresFormCd value="005" Sync="TRUE"></PresFormCd></presForm></idCitation><spatRpType><SpatRepTypCd value="001" Sync="TRUE"></SpatRepTypCd></spatRpType></dataIdInfo><mdLang><languageCode value="por" Sync="TRUE"></languageCode><countryCode value="PRT" Sync="TRUE"></countryCode></mdLang><distInfo><distFormat><formatName Sync="TRUE">Shapefile</formatName></distFormat><distTranOps><transSize Sync="TRUE">0.000</transSize></distTranOps></distInfo><mdHrLv><ScopeCd value="005" Sync="TRUE"></ScopeCd></mdHrLv><mdHrLvName Sync="TRUE">dataset</mdHrLvName><refSysInfo><RefSystem><refSysID><identCode code="5015" Sync="TRUE"></identCode><idCodeSpace Sync="TRUE">EPSG</idCodeSpace><idVersion Sync="TRUE">7.4.8(10.1.0)</idVersion></refSysID></RefSystem></refSysInfo><spatRepInfo><VectSpatRep><geometObjs Name="ArqAcores_GOriental_AAd_CAOP2021"><geoObjTyp><GeoObjTypCd value="002" Sync="TRUE"></GeoObjTypCd></geoObjTyp><geoObjCnt Sync="TRUE">0</geoObjCnt></geometObjs><topLvl><TopoLevCd value="001" Sync="TRUE"></TopoLevCd></topLvl></VectSpatRep></spatRepInfo><spdoinfo><ptvctinf><esriterm Name="ArqAcores_GOriental_AAd_CAOP2021"><efeatyp Sync="TRUE">Simple</efeatyp><efeageom code="4" Sync="TRUE"></efeageom><esritopo Sync="TRUE">FALSE</esritopo><efeacnt Sync="TRUE">0</efeacnt><spindex Sync="TRUE">FALSE</spindex><linrefer Sync="TRUE">FALSE</linrefer></esriterm></ptvctinf></spdoinfo><eainfo><detailed Name="ArqAcores_GOriental_AAd_CAOP2021"><enttyp><enttypl Sync="TRUE">ArqAcores_GOriental_AAd_CAOP2021</enttypl><enttypt Sync="TRUE">Feature Class</enttypt><enttypc Sync="TRUE">0</enttypc></enttyp><attr><attrlabl Sync="TRUE">FID</attrlabl><attalias Sync="TRUE">FID</attalias><attrtype Sync="TRUE">OID</attrtype><attwidth Sync="TRUE">4</attwidth><atprecis Sync="TRUE">0</atprecis><attscale Sync="TRUE">0</attscale><attrdef Sync="TRUE">Internal feature number.</attrdef><attrdefs Sync="TRUE">Esri</attrdefs><attrdomv><udom Sync="TRUE">Sequential unique whole numbers that are automatically generated.</udom></attrdomv></attr><attr><attrlabl Sync="TRUE">Shape</attrlabl><attalias Sync="TRUE">Shape</attalias><attrtype Sync="TRUE">Geometry</attrtype><attwidth Sync="TRUE">0</attwidth><atprecis Sync="TRUE">0</atprecis><attscale Sync="TRUE">0</attscale><attrdef Sync="TRUE">Feature geometry.</attrdef><attrdefs Sync="TRUE">Esri</attrdefs><attrdomv><udom Sync="TRUE">Coordinates defining the features.</udom></attrdomv></attr><attr><attrlabl Sync="TRUE">DICOFRE</attrlabl><attalias Sync="TRUE">DICOFRE</attalias><attrtype Sync="TRUE">String</attrtype><attwidth Sync="TRUE">6</attwidth><atprecis Sync="TRUE">0</atprecis><attscale Sync="TRUE">0</attscale></attr><attr><attrlabl Sync="TRUE">Freguesia</attrlabl><attalias Sync="TRUE">Freguesia</attalias><attrtype Sync="TRUE">String</attrtype><attwidth Sync="TRUE">150</attwidth><atprecis Sync="TRUE">0</atprecis><attscale Sync="TRUE">0</attscale></attr><attr><attrlabl Sync="TRUE">Concelho</attrlabl><attalias Sync="TRUE">Concelho</attalias><attrtype Sync="TRUE">String</attrtype><attwidth Sync="TRUE">50</attwidth><atprecis Sync="TRUE">0</atprecis><attscale Sync="TRUE">0</attscale></attr><attr><attrlabl Sync="TRUE">Ilha</attrlabl><attalias Sync="TRUE">Ilha</attalias><attrtype Sync="TRUE">String</attrtype><attwidth Sync="TRUE">50</attwidth><atprecis Sync="TRUE">0</atprecis><attscale Sync="TRUE">0</attscale></attr><attr><attrlabl Sync="TRUE">TAA</attrlabl><attalias Sync="TRUE">TAA</attalias><attrtype Sync="TRUE">String</attrtype><attwidth Sync="TRUE">50</attwidth><atprecis Sync="TRUE">0</atprecis><attscale Sync="TRUE">0</attscale></attr><attr><attrlabl Sync="TRUE">Area_T_ha</attrlabl><attalias Sync="TRUE">Area_T_ha</attalias><attrtype Sync="TRUE">Double</attrtype><attwidth Sync="TRUE">19</attwidth><atprecis Sync="TRUE">0</atprecis><attscale Sync="TRUE">0</attscale></attr><attr><attrlabl Sync="TRUE">AREA_EA_HA</attrlabl><attalias Sync="TRUE">Area_EA_ha</attalias><attrtype Sync="TRUE">Double</attrtype><attwidth Sync="TRUE">19</attwidth><atprecis Sync="TRUE">0</atprecis><attscale Sync="TRUE">0</attscale></attr><attr><attrlabl Sync="TRUE">Shape_Leng</attrlabl><attalias Sync="TRUE">Shape_Leng</attalias><attrtype Sync="TRUE">Double</attrtype><attwidth Sync="TRUE">19</attwidth><atprecis Sync="TRUE">0</atprecis><attscale Sync="TRUE">0</attscale></attr><attr><attrlabl Sync="TRUE">Shape_Area</attrlabl><attalias Sync="TRUE">Shape_Area</attalias><attrtype Sync="TRUE">Double</attrtype><attwidth Sync="TRUE">19</attwidth><atprecis Sync="TRUE">0</atprecis><attscale Sync="TRUE">0</attscale><attrdef Sync="TRUE">Area of feature in internal units squared.</attrdef><attrdefs Sync="TRUE">Esri</attrdefs><attrdomv><udom Sync="TRUE">Positive real numbers that are automatically generated.</udom></attrdomv></attr></detailed></eainfo><mdDateSt Sync="TRUE">20220105</mdDateSt></metadata>
